"MEbisque4","MEbrown4","MEdarkorange2","MEdarkred","MEgreen","MEivory","MElightgreen","MEpaleturquoise","MEred","MEsteelblue"
"X100_120417",0.0937313575345434,-0.0598768188161375,0.0990177694810185,-0.0760454670353361,0.17046791471363,-0.0647980958833053,0.0424109897198751,0.093992173945379,-0.199733145907166,-0.0763029572915466
"X101_120418",0.0773445612613273,0.0553016567790853,0.0396991598307019,-0.070980257712841,0.00636989640010099,-0.0618363156381322,-0.0637453337873539,-0.00856572569682001,-0.0126401584905558,0.0255759374725413
"X104_120418",-0.104121737655193,-0.0209189665202147,0.0127866154495193,0.107089462193211,-0.0285506241869267,0.029330752695108,0.0391402023190419,-0.0732442777308127,0.0128678789076282,0.0243591406055973
"X12_120410",0.0864323844815891,0.0219376985082483,0.000809857657480307,-0.0812540426518863,0.0041797990656632,-0.0060415248214291,-0.0330141955464227,0.063583600265906,0.00566659104015817,0.0028407164826176
"X132_120419",0.0649847116170947,0.0442152625975902,0.0847576500155459,-0.0637593935480036,0.0886613072942894,-0.0882096861637581,-0.0426963514808465,-0.019025832706047,-0.0682154563233347,0.0146256450682638
"X134_120419",-0.139354691573859,0.0596759862705666,0.0740298042448054,0.109353770374754,-0.0257404975249021,-0.102570527704019,0.00662086003592839,-0.181917860908415,0.00435944135506129,0.0870870718021689
"X140_120419",0.112765799404669,0.0473749550268816,0.0546576310984395,-0.13408219621772,0.124733871666862,-0.120504986675662,-0.0752642343339969,0.00898419301354061,-0.0844874236951303,-0.051806220305804
"X145_120419",0.0750142469298385,0.0486571547905644,0.00904781838889376,-0.083729428317158,0.00282518504651035,-0.0460218975390428,-0.0776235448775251,0.0763153939022459,-0.0278619674939481,-0.0702821844029873
"X154_120423",0.0233174927255757,-0.00281566676512058,-0.0354619401791062,-0.013902871133726,-0.040722710490001,0.0480364135122272,2.70937963294371e-05,-0.00399235579174519,0.0279830361218497,-0.0664773517414286
"X160_120423",0.0128646430061964,-0.0188421366867955,-0.0995420843231145,-0.0310572468312826,-0.0590959042289198,0.0900547430218722,-0.0048321833976284,-0.0192516636581656,0.051236457473588,-0.0151039647885557
"X162_120423",0.0426256677525789,0.0291553368403045,-0.186799384682227,-0.0309047723074666,-0.0397139307326282,0.0780903581571741,-0.107313802014486,-0.016035925230306,0.120932609442891,-0.130037913575764
"X166_120423",0.030722222861221,0.00586917070753802,0.035472502263266,-0.00535085147128364,0.00651797971028974,0.00255510451160377,-0.017613531172923,0.0294867302549099,-0.00205249676386522,-0.0331631476496092
"X171_120423",0.123648643236485,0.142708614442942,-0.0402373408150918,-0.0797222047859143,-0.125633186994505,-0.0370338607087324,-0.195335545203155,0.0453885485576096,0.13785377006776,-0.0752603505078549
"X173_120424",-0.0258038002170625,-0.0319965971940443,0.0493439408372205,0.00355946649270183,0.0130672445025805,-0.0161062989464263,0.0628970189706026,0.0335470135640131,-0.0604223033491463,0.0317110691607096
"X181_120424",0.0477229315803086,0.0428890044287869,-0.0836074580661351,-0.045421757442723,-0.0399297168849108,0.0178029256136193,-0.0590158006219457,0.037476335036622,0.0768895871974861,-0.0583016026198953
"X185_120424",0.120265486778962,0.0700041066880769,0.0183063226089164,-0.103655324115948,-0.00782416642186054,-0.0621938408956183,-0.0987951272489757,0.0496741660934283,0.0166535554976521,-0.0446220614363036
"X186_120424",0.0843025207189295,0.0502305416406587,0.109847356461254,-0.10881010977031,0.198513772289364,-0.166919629865175,-0.0683747966883959,0.0310524435790354,-0.190817618217137,-0.223531993291218
"X190_120424",0.0966284188792233,0.114887561077053,0.0258003331558304,-0.0935068795759486,-0.0839574557921973,-0.0874299079268552,-0.111924396238395,-0.0293923445880874,0.0555240267867188,-0.0463755363657392
"X193_120424",0.0756700283205301,0.107247953769913,-0.00626705433752144,-0.0576457699942939,-0.0875501341807086,-0.0505270716919483,-0.140137557245903,0.013761693813843,0.0956730923523293,-0.0580080361391546
"X197_120424",0.103706738585609,0.0583448139524769,-0.0456088077147751,-0.0801869309959035,-0.080909931375619,0.00053933815406607,-0.0772061894294957,0.0498378318006268,0.0690684616170594,-0.0315841428131497
"X201_120424",-0.0429703772833263,-0.0151466122616276,0.0151539080952385,0.00767144331709601,0.0227157278080483,-0.0307750161641464,0.0643425821304104,0.00940820832311416,-0.0480657431380705,0.0929153467027385
"X202_120424",0.0210044172471349,-0.0413064283134505,-0.0769214938261477,-0.0421721370965788,-0.0280930122519832,0.0525930750780319,0.019567190273429,0.054051238878906,0.0338773485258228,0.0234348516254482
"X203_120424",-0.080816801612581,-0.0260948651799373,0.0400395128452814,0.0867830082374736,0.0145706253633043,0.0333202527826051,0.0419175509272195,-0.0233161633589252,-0.0194153756199952,-0.00679384398613448
"X204_120424",0.0860355339592907,-0.0700080532471537,-0.0587912390626878,-0.0720852400293831,0.0106413790794344,0.0883074111701585,0.00667357250229306,0.0988249322223921,0.00473968049043286,-0.0517800744375175
"X214_120425",-0.0173107150535043,0.148777816196193,0.13002730240655,0.0187578436411589,0.00457495706612142,-0.138803388256811,-0.109502781431118,-0.123924370194286,-0.0126405808705818,-0.0272144658321439
"X220_120425",0.0222588684620947,0.0804497483401063,0.0372059542645805,0.00048155283339747,-0.0570434722946764,-0.0665647671186979,-0.0908243155967847,-0.0478992419603163,0.0528579968261268,-0.0110109257420956
"X228_120425",-0.0782685966173334,0.0426201119572352,-0.012540469942853,0.0845372297193425,-0.0701568480769079,0.00517564817537198,-0.0236889284814624,-0.0725123948322174,0.0591958153784106,-0.0349697796857926
"X229_120425",0.101018349051897,0.136930808227253,0.13811086155631,-0.127543796805304,0.149960465460509,-0.210106684628149,-0.143309431150454,-0.0560951896792538,-0.10464610797857,-0.0061787770385972
"X231_120425",0.0861804811000691,0.0777330558885336,0.0782356240749698,-0.0839588021355928,0.0296808598466162,-0.100475724382025,-0.0855552930772615,0.00160229873029348,-0.0462358431591377,-0.00774699279824202
"X23_120411",0.0633875420203035,0.019084565791032,-0.052834429767684,-0.0558089147020381,-0.0611012864382984,0.0311085570218533,-0.0409054917928803,0.0252707691531713,0.0381865558581368,-0.0845089881345837
"X232_120425",0.0185879330783543,0.142873437309359,-0.000507592254178249,-0.0171043456510422,-0.111249261112658,-0.100823226092052,-0.14060143128028,-0.100935205718566,0.131298628220349,0.0621279720405966
"X237_120426",0.0923396475663345,0.0846444440632244,-0.026884371177223,-0.0813146347166935,-0.0521570041954655,-0.0386324168928677,-0.120166686175925,0.00518965975765205,0.0755617635759337,0.0136736955912771
"X238_120426",-0.00721885917164202,-0.00814749073499254,-0.0437627879295387,0.00555784842699258,-0.0512915847190848,0.0595950271838007,0.00412386295402245,0.00546592591648434,0.0364341802134979,-0.00906853787783796
"X241_120426",0.0353653598387601,-0.0203371632833453,-0.0782888470515031,-0.0459151800788582,-0.0335391833657025,0.0308140623956327,-0.0023329910581304,0.0393222685705122,0.026664757548939,-0.0495673408962029
"X24_120411",-0.00922554732684114,-0.0305114292256142,0.0302192668150751,0.0276901202142979,0.0720695736804236,-0.00920729017122237,0.0320805180715506,0.0101641358246437,-0.0352645702391727,0.0385516712913083
"X243_120426",0.106544961010731,0.111866385606055,0.0328368028496452,-0.110574319311102,-0.0283981202377019,-0.0805587097222718,-0.102580130004686,0.0348359134466049,0.0226908975268741,-0.0257705688791694
"X244_120426",-0.0665280199726464,-0.0334339901466417,-0.0703807982850916,0.0277516433435842,-0.095855310876164,0.0426503170499199,0.0690190276730877,0.0118651092023195,0.0756583943332719,0.126269651887175
"X251_120426",0.00961507124915077,-0.103006392828637,-0.00925606898754454,-0.014648721134614,0.0195419350522984,0.0687004035571933,0.0720548405018823,0.12209857028322,-0.0565863339950247,0.0306275704689264
"X252_120426",0.0567232510187503,0.0364756354337327,-0.0245341728283692,-0.049828291033258,-0.0332608677642571,0.000443232195578672,-0.0548569976984401,0.0204537879978176,0.0297778947075678,-0.0879104267067019
"X254_120426",-0.0337183824832635,-0.0945739254725069,-0.0704956927402625,0.0493393722549284,-0.000381988664787998,0.0902106944935393,0.0926126191137561,0.0467474051271406,0.0018336522566747,5.78492138500417e-06
"X255_120426",0.0254066265755553,0.0408369415109121,0.0250470618614779,-0.00439651473071925,-0.0114168025815146,-0.0234812997951942,-0.0304300387255042,-0.019697645826556,0.0216728624739298,-0.0201622250180274
"X256_120426",-0.0372062557996939,-0.143344946325948,-0.0484790846026417,0.0155782046474094,0.135765600637786,0.0759437527717505,0.128095472748852,0.026115533734673,-0.0403580596655053,0.129763691283171
"X258_120426",-0.117749543302077,0.00101024083276691,0.0141349102049326,0.103753962717028,-0.0287767830902424,-0.00140783064642174,0.0381886851626414,-0.02772365615106,0.0184987955886112,0.0147892398373983
"X259_120426",-0.0985440598705715,-0.0995835279937689,0.0499382348996923,0.0796893128289203,0.11512131747079,0.0161076519724248,0.130358664663469,-0.0394260441014817,-0.117936826941598,0.0730240648442871
"X273_120430",-0.0208373385751229,0.0254932965343538,-0.0354585770805643,0.0278611221204025,-0.0932450360518243,0.0366102999202101,0.00291515614113811,-0.0423710623536033,0.0680956915726194,-0.00372915248491252
"X280_120430",0.0567476594929529,0.00590896448513857,0.116577728837191,-0.056725869024468,0.104415206947991,-0.0824690766434934,0.0264693491648926,0.0377658616449736,-0.132484386595464,0.0527177940161549
"X28_120411",-0.0227479643137156,0.0990583866337015,0.0182206714111963,0.00558560662060973,-0.0972455156920795,-0.0581870683386939,-0.0564761952145878,-0.0880674043442719,0.0632841862477453,-0.0595352910765986
"X286_120430",0.0352488430538863,0.00882808814325492,-0.0812061339077216,-0.0443547559632601,-0.0100627278736442,0.020023278541892,-0.0487384402849806,0.007000016667273,0.0463028461618118,-0.00482054184713733
"X287_120430",0.089731681458933,0.0399720648947354,0.00539881510970423,-0.0677209500233673,-0.0293170109747883,-0.00764917497667135,-0.0465235779157063,-0.00435599725907668,0.0306538403134534,-0.051707659862311
"X289_120430",0.0184814132106915,0.0475712955366317,0.0856342830203704,-0.0246513114759516,0.0487635878133392,-0.0616142133296558,-0.0304996712184638,-0.00722323198190495,-0.0383525628811637,-0.0126404916885101
"X292_120430",0.0418763732369561,-0.0336347165812296,0.047713625859021,-0.0425900621487594,0.0603417580919509,-0.0111531716417387,0.0362366390912566,0.0959509711126583,-0.0775810724717491,0.0134995036863399
"X299_120430",-0.0324346205642314,-0.0578788617752601,0.0309710613298869,0.0112569212993928,0.120031856213698,-0.0181391176338658,0.0765963853683193,0.00392337999905713,-0.119452031193796,0.056863416980031
"X300_120430",-0.168393312086247,0.0222716607661774,0.0458974374014333,0.145204181455708,-0.0124655720514414,-0.0893891741547991,0.0503780064832243,-0.168920998587985,-0.0440710039413352,0.0909593042587193
"X302_120430",-0.10400215693808,-0.123843407962903,-0.0727533675151969,0.106184065299802,0.0162719213631256,0.146422983201507,0.0862596596405617,-0.0114809764945624,-0.00830515086526015,0.0047308878010189
"X304_120430",-0.00957750965386686,-0.00675780382778137,-0.0975554312605973,-0.00703854255263108,-0.0538340175720467,0.0701730878138097,-0.0199278181737208,-0.0393641465671337,0.0504700388223117,-0.0864409046416469
"X309_120430",0.0193791522904332,0.0489786274840447,0.0454859502005601,-0.0289996112271144,0.0589622514277375,-0.0592768765924217,-0.0402192685675216,-0.0667816180889366,-0.0406025948038996,-0.0758352340179246
"X310_120430",-0.0260408732254849,-0.151546481789709,-0.0314589830160159,0.0651484011561729,0.0326557539641775,0.114937642654637,0.120167497690559,0.0461531936672067,-0.00981851986403231,0.0408006507647608
"X318_120501",-0.0325293174402712,-0.0266024650076388,-0.0176864249418309,0.030146140360102,-0.0111338765153892,0.0223688864634491,0.0313546360439355,-0.0123329045614301,-0.00347735233782671,0.0558167572734291
"X321_120501",0.0090262519645179,0.0499574487805719,0.0411074651146403,0.0328656761711795,-0.0346108414011726,-0.0379729300614789,-0.0320049928936626,-0.0614617845064119,0.0171134262950795,-0.0419973443743377
"X32_120416",0.048337819038197,0.0216786573370108,0.0300261230209893,-0.0338000613890157,0.0033873321277672,-0.0193713533739822,-0.0314791332980922,-0.0274460408762036,0.0186863079948959,0.0375544311211978
"X323_120501",-0.00587528025469459,-0.0204481662768323,0.0109110220844256,0.0146935175417649,0.0366493534170013,0.009134847299944,0.0266706711268667,0.014372120062671,-0.0160017878802493,-0.0442008814995582
"X326_120501",-0.0130910741622969,0.0204606403747469,0.0235629623832946,0.00116267968378548,0.0698601440999125,-0.0181973926897994,-0.0231075208586192,-0.0363143148826685,-0.0103742913213259,0.0564095413566676
"X327_120501",-0.131670854421198,0.0718537844180585,0.0942323809956257,0.129807684453178,-0.114386802640033,-0.093204238544353,0.01640766718677,-0.144577858869322,0.013469984204607,0.0879922127281497
"X33_120416",0.0325041001755532,0.0846824656062276,0.0663088673085626,-0.0189884286657085,0.00351641532875123,-0.0765770143558889,-0.0833442420692257,-0.0278672713986967,0.0156713482061602,-0.0130267540271778
"X34_120416",0.0405756838067529,0.0313174912722692,0.0661261013843355,-0.0612521124944011,0.0627141175280849,-0.102031336367616,-0.0117449339783815,0.0174152706126207,-0.0929504563826776,-0.00660565437447071
"X347_120501",-0.0215487670935652,0.00218498857303698,-0.0332930040686529,0.0246991235961638,-0.0392052899925422,0.0203822190311123,-0.00541414552194836,0.020397698907888,0.0265798566412091,-0.0549768572936787
"X353_120501",-0.00605309707136567,-0.0368344825568663,-0.021287395821517,-0.0267163765007046,-0.0044522513521208,-0.0197540666853936,0.053808270440166,-0.00248834553803066,-0.0380755890270298,0.0806081926929998
"X355_120501",0.0219828732085623,-0.0172740152027593,-0.00723151948869617,-0.014624512305024,-0.00343507950294805,0.0249591006017581,0.0141445757442762,0.0406971018803987,-0.00243839820108126,-0.0483376836506191
"X359_120502",0.0473468702750652,0.0921249704742843,-0.0129322186140205,-0.0468856069099976,-0.0890166650384639,-0.0491034358367567,-0.0821525415533713,-0.0327466591402961,0.0996062123254017,0.0549893870314891
"X363_120502",0.00493473216375304,-0.0700689576105021,-0.000832116254022381,-0.0087919018640616,0.0540245737477086,0.0532448429291778,0.057601839105969,0.0842743559258961,-0.070490968117516,-0.0152569340465744
"X364_120502",0.0383190135543667,-0.0297993069658811,0.0186567325498522,-0.0242580938809091,0.0303905786423043,0.0222738377712207,0.0138443421748454,0.0694004164961509,-0.0548601000923675,-0.0472778882076856
"X366_120502",0.00239091270530754,0.00472117398289825,-0.0142292556875718,-0.00307154162880282,-0.0281406429204935,0.0114080315942467,-0.00359135924717168,0.0233986684032489,-0.000598032470783605,-0.0394056104622403
"X369_120502",0.023028747382654,0.108587211565872,-0.0300886736593542,-0.0136300821172587,-0.127042408711842,-0.0318554592765655,-0.0986518495571784,-0.145807375762073,0.133384418440533,-0.076179673831596
"X371_120502",0.00541168316457423,0.0158633510485872,0.069819365527313,-0.00311223539412974,0.042735076930116,-0.035795889309079,-0.00410085287857821,-0.0259013829993819,-0.0558534249105844,0.054218519348286
"X37_120416",0.0642595283258636,0.014120878221468,0.0736598074312774,-0.0690540008502764,0.0920742637236604,-0.0712780814607567,-0.0204120738263869,0.0423035635646782,-0.096803274721992,-0.111157724290938
"X381_120503",-0.0572273276721523,-0.0942265125005024,-0.0981179202019292,0.0715791532048928,0.00566637189596109,0.113070065792748,0.069684809409964,0.0115281688502697,0.0679219901246972,0.0245776117014485
"X38_120416",0.074863125579464,0.0278009662481705,-0.0841431068503666,-0.0778058416934912,0.0102087446961506,-0.00131113784219933,-0.0286581195025131,-0.00211464371905513,0.0857875738765183,0.16404590507528
"X383_120503",0.00172493202539091,0.0832155241532114,0.0317464634055032,0.0171375114085043,-0.0357320793784037,-0.060670661985147,-0.0791166198493935,-0.0372636250754464,0.0472680977789438,-0.0159406064545304
"X384_120503",-0.165395957618929,0.00282243376284679,-0.0782303391571385,0.16067613724473,-0.00372742781583915,0.0303474040905209,0.0127259409962613,-0.159512947310573,0.055686026825379,-0.0480511316041091
"X389_120503",0.0270889049625495,0.0731244221610299,0.0554637041316779,0.0016355732274947,0.0180907040224241,-0.0713749000186041,-0.0774431545210516,-0.0509140864873955,0.0060078229350764,-0.00134906874058186
"X393_120503",-0.00830279768726951,-0.0199022155429639,-0.101034104751569,0.00498150873653315,-0.0819430068304399,0.0619398081234709,0.0112950396984048,-0.019417157553182,0.0893891075974848,0.00170787402972359
"X397_120503",-0.00916428912134546,0.0133861834216823,0.049449520384194,0.0163228882513673,0.00297362762593958,-0.00580423754807891,0.0181225657444074,-0.00981703677836208,-0.0197382982627858,0.00586814604209561
"X398_120503",-0.0320473600939055,-0.115472565002915,-0.0341534192038835,0.0316638033347223,0.0299681854276507,0.107002207573475,0.100950445598262,0.0697490638158936,-0.0374946051989279,-0.0499043188290294
"X406_120503",-0.0229543371386285,0.026241725808342,0.0549709915183765,-0.0215635188506022,0.0526222322831294,-0.0862139174372824,0.00356875064214025,-0.0165413976061367,-0.0435498103899195,0.0265184782375831
"X407_120503",-0.0537015905257414,0.0382394395789257,0.106340439189617,0.0428683308401914,0.0120311170593122,-0.0479328644655137,0.0143177332065471,-0.0614887687696164,-0.0387559333889737,-0.0108257153895285
"X410_120503",0.0945074229619365,0.00469518666000892,0.0280998929859456,-0.104924792003086,0.0246541429438876,-0.0123712898164297,-0.0258770346802269,0.0817885484921524,-0.0316008066406602,-0.00330538081511359
"X412_120503",-0.0243169712145276,0.0442175178122897,-0.0099607493921535,0.00413639466881326,-0.0667020292988017,0.00285601050395769,-0.0151874447715457,-0.096114298395838,0.0444881213431655,0.0673701624702987
"X419_120507",0.0395982428108897,0.0216306603118511,-0.0265483540687435,-0.0397484168324449,-0.0242719459131558,0.0178206092191826,-0.048347899943839,0.0557282546719488,0.0267125196241482,-0.0338009818082195
"X420_120507",0.0259092922152797,-0.0506641845975354,-0.0408434712997344,-0.0157372741419069,-0.0327968227871936,0.0494952217640703,0.0448542947530786,0.105299336503789,-0.00128669114306013,-0.0343169656856911
"X424_120507",0.00370475846698915,-0.0306211166987505,-0.00688986894952815,-0.00421616737768519,0.0275323250396755,0.00513416950345223,0.0236332333675522,0.0582549643471399,-0.0510690429267461,-0.0988194196430662
"X425_120507",-0.0327945259019215,-0.0478790025931231,0.00601548681222993,0.0298969383151527,0.00319990240998364,0.0649215471054179,0.0574077095233185,0.067683176544993,-0.0182832609311075,0.000612270050139934
"X427_120507",-0.0505664312211188,-0.051448461005003,-0.0802481895305975,0.0446405489375143,-0.00827663075872214,0.0989530687431321,0.0110354146552221,0.0351690907750478,0.0488595359397938,0.0062232247037823
"X429_120507",0.0909630538637709,0.0430118393113567,0.0740683530095432,-0.0885026830158193,0.0823510212600555,-0.0876474366862592,-0.056646708647656,0.00517305710181733,-0.0646731810490459,0.0531802594020683
"X431_120507",0.0711158358057309,0.0404591306942262,-0.0477363958565111,-0.0650466184758935,-0.0242987107433019,-0.00598671104908379,-0.0876400191332724,0.0317717972768723,0.0516428629599099,-0.0271466849555338
"X434_120507",0.0176800815672519,0.00331752577292842,-0.0763601732983305,-0.0155976031528793,-0.0396819689616785,0.0505869806165179,-0.0376446725357268,0.00741644542951139,0.0517535716816859,-0.106039547727014
"X435_120507",-0.0632271406778654,-0.0256431217284352,-0.00356171437518185,0.0426420597488369,0.0201343971700872,0.0434429457833671,0.0140901128100028,0.0462383438497002,0.0125671679896534,0.0863072047543594
"X440_120507",-0.102544327235227,0.0224540186706395,0.0943169009688751,0.120507452131432,0.0452890936151215,-0.0577503995920507,0.0131881295172709,-0.11434317512605,-0.067397254375213,0.0287811952903872
"X44_120416",0.118325908709809,0.00401206534819202,-0.0318326573555996,-0.116872434533104,-0.00762437593356405,-0.0378751104117038,-0.0326370319312518,0.0747144882828765,-0.0129011009815011,0.0304651734046066
"X444_120507",0.00513679222502867,-0.066380856743104,-0.00928723927360684,-0.0157867984167918,0.0906559730214201,0.0306626859782751,0.0661584812393894,0.0523795456365449,-0.0704762579692396,-0.0371348577274863
"X449_120507",0.00987240661193909,0.0908012847800902,-0.0819669693818651,-0.0236527304704558,-0.141261283774904,0.0246498502870878,-0.11760063494613,-0.0844517638377059,0.14483451853585,0.0159072757220343
"X452_120507",-0.00350696638008026,0.0282704439283557,-0.0496303446994923,-0.00537169949574749,-0.02734995253182,0.0171023873252658,-0.0451818244142266,-0.0047244976839129,0.0666523533370891,0.0719082369381761
"X458_120507",0.0656061260725403,-0.0222060042603157,-0.0649382194998177,-0.0817257151660448,0.00490218281766217,0.0643711024976643,-0.00807188567607041,0.0824768056965995,0.00492095788859375,-0.0087472455050039
"X459_120514",0.00353646076227083,-0.0268510265423074,-0.0474897072808468,-0.00174347409608253,-0.0532600603828786,0.0688075687061061,0.0166547212343576,0.0102328092662698,0.0415428474650038,-0.038177922916802
"X469_120514",-0.0574872860361177,-0.0112912077443248,0.00125148927881948,0.0593023360798249,0.0135978608567343,0.00988548505560361,0.0187320478073735,-0.0132062442086994,-0.0162506809879385,0.0120313337808626
"X47_120416",0.0755318867377156,0.0410284558932618,-0.0397924573274503,-0.0648318818986909,-0.0236497496830262,0.000908555670540979,-0.0765238099073153,0.0483147548953927,0.0460767535793604,-0.0510492126186674
"X472_120514",0.0517870557654608,0.0243250406048888,0.0417623312203979,-0.0560007463816558,0.0335962144180321,-0.0509840073010509,-0.0285890114798191,0.0342545441035395,-0.052659759005684,0.00739348190249051
"X482_120514",-0.00546000597139131,0.0200223385693863,-0.0219779353089261,0.017671756226805,-0.0314581133792199,0.0111455766559713,-0.027158831608161,-0.0646137119875038,0.037949202351389,0.00764216223035302
"X485_120515",-0.0630736726749932,0.0691156286853649,0.0260670943262698,0.0335766280431907,-0.0592162671093114,-0.0894405115947537,-0.0274834904362604,-0.0913964387953451,0.0534227883267198,0.115504636094914
"X486_120515",-0.0358214813201246,-0.0925062550490112,-0.0132003668123208,0.0513182406253071,-0.00513026231566921,0.0514388254694886,0.0984235486580963,0.0217500412772215,-0.00424992453771634,0.0417971240678968
"X488_120515",-0.00357266634341073,0.00392861612308981,0.0530378769788736,0.0134630918838359,0.0384037717829962,-0.0168234711405039,-0.0132075252901889,0.0624535562707538,-0.0385070397822477,0.0248904219518979
"X489_120515",-0.124245758415478,0.0194845559424131,0.0422000815344598,0.124634959223828,-0.0425774457198914,0.00404293021326141,0.0252902730148198,-0.122281330153743,0.0206124328443656,0.0282070127928765
"X493_120515",-0.020536020904932,-0.0316678237369175,0.0364506673058743,0.0366341921987869,0.0492904767066052,0.0195481123394178,0.029780621801211,0.0133026678058839,-0.0469193763349926,-0.0182084413941728
"X494_120515",-0.0375502459355416,-0.00519315559583828,0.011535393968153,0.0310046233801123,-0.0308389283965816,-0.0171540666388409,0.0216304124500694,0.0366025297100064,0.0188203042288857,0.0177998355281542
"X497_120515",-0.0888896585557289,-0.0628496959446876,0.0250497251940818,0.075118647471198,0.0302845571167318,0.0587144936392434,0.0743237255205923,-0.00698238555671297,-0.0300702545755037,0.0309223971180738
"X509_120515",-0.00843954166106878,-0.0756731228532869,-0.0125766124939287,-0.00173607550275713,0.0589032204054015,0.0637492632511313,0.060799058953781,0.0413738461822461,-0.0564398386229536,0.0559806141726768
"X510_120515",-0.0183295789435389,-0.102690313447176,-0.0462200912259682,-0.00556437032499593,0.0242858612957999,0.0481924909178888,0.110753113078073,0.0288207668758481,-0.0624785804605522,0.0745967470548968
"X511_120515",-0.143468857277136,0.00312067945599295,0.0745045645666396,0.127612004857997,-0.0258839067715118,-0.0382847951176761,0.0616260367178601,-0.110967405689346,-0.0148523907801767,0.0536767883818152
"X51_120416",0.0475965307778405,-0.0151232627226826,-0.0174972786730778,-0.0621975068485593,0.0111774080617716,0.0144958171543928,0.00822141894108175,-0.0143294867084137,-0.012475071006181,0.02178682212447
"X516_120515",0.0206385978219979,0.0121897146791559,-0.0688506613678187,-0.0191116143441994,-0.0364040950813123,0.0436187317580483,-0.0341211952308906,-0.0207558558315974,0.0518015541730189,-0.00557706809525413
"X520_120515",-0.0824715859269353,0.0505194659714785,0.0747211715930608,0.0893096454109905,-0.0150722464400636,-0.0448600124639904,-0.0205735475608383,-0.106755255556216,0.0119242869615563,0.0352357163696921
"X52_120416",-0.0228467017043111,-0.138348139807402,-0.0907604692592699,0.0337262482538619,-0.00751912995630697,0.139199072541805,0.105858089437763,0.0619409171064985,0.00694793050665098,-0.0130038768370065
"X523_120515",-0.0197555569020507,-0.00300486037112693,0.0437865850225518,0.037865955519836,-0.0321031059480418,0.00885209453347499,0.0346114192778693,-0.0224083915785381,-0.012852463745109,0.076000360673198
"X526_120515",0.057839114775001,-0.0514926448073455,0.0200016819595649,-0.087769069302667,0.0768501636429826,0.00290615901220897,0.0628344046150404,0.0809179862228131,-0.0833801068382003,0.0440624656564289
"X530_120515",-0.113155972800402,0.0179643088870002,0.0318495384474132,0.103887743824497,-0.0808507965444372,-0.0106496596954732,0.0202787537857623,-0.0667650125454291,0.0495817618914516,0.0502570201372941
"X531_120516",-0.0303816437308403,-0.0467663973559632,0.00113849061647746,0.0318697575556851,0.0392484174228597,0.0416325666985384,0.0438682798799873,0.0351217712661502,-0.0354883343596269,0.0473083259606184
"X532_120516",-0.0660827692345788,-0.0646623913001667,-0.117413802137203,0.0213318240038459,-0.0138113294232257,0.0767517961733889,0.0615646517744625,-0.0104252577805757,0.0248098900577933,0.0492202764300374
"X536_120516",0.0533547431995094,-0.0409149888343208,0.0222862439173104,-0.0425141928317842,0.0468184747564089,0.00888781143637178,0.0401466904508822,0.0623055334083978,-0.0767257983913973,0.0198141551976432
"X537_120516",-0.154185332792389,-0.0802091569339579,-0.0171173230942016,0.125986993425974,-0.0162331143349435,0.054982909957009,0.12178383823546,-0.0739247826617587,-0.0311953453588922,0.0614371392668809
"X538_120516",-0.0157231554231386,-0.0549450381962304,0.0232410794465493,-0.00897228900051135,0.0667601897762352,-0.0299724931974468,0.0622280584359806,0.0301719351085743,-0.0973482474732782,0.0936497471931872
"X540_120516",-0.13213628056352,0.0200946372721337,0.0391294684288416,0.128718220476406,-0.0335893501417766,-0.0344680896541614,0.0177511899728328,-0.10763215016814,0.00766658748289136,-0.0364218919877242
"X54_120417",-0.0107785835342776,-0.00506440654345298,0.10650168870983,-0.00406498114966334,0.0432938907906217,-0.0597736286592201,0.0371582868261392,0.00893296773340748,-0.0691237329406067,0.101454584425069
"X545_120516",0.0981333474875894,0.0793469267833685,0.0115865172262888,-0.113479601338076,0.0273011599222297,-0.113880065574565,-0.099374038881894,0.0768724539095274,-0.0227682607530988,0.0158029651941008
"X549_120517",0.0189907520306307,-0.0344169193178932,0.0209021149835219,-0.0121859145640801,0.0178078775944229,0.0131344154411714,0.0251243676988537,0.110093608739871,-0.0442657099128233,-0.020277393238135
"X550_120517",-0.0611990283441323,-0.0496717613196883,-0.0255616089096609,0.0499291949647047,-0.00292277884297906,0.0446609556048239,0.0637914513356506,-2.8010840271986e-05,-0.0163492815463642,-0.0402173428368772
"X553_120517",0.0317793276780231,-0.0440344606271251,0.00397108738045165,-0.0310732437904714,-0.00525941341838822,0.0360715510009753,0.0290197224906114,0.0782931125649122,-0.0102601378786586,0.0646596086213589
"X554_120517",-0.0424682453504531,-0.00651504115323672,0.0127030831733906,0.0397214006342772,0.0332167389577788,-0.00384550985889257,0.0136791573363924,-0.0437055363204902,-0.020743838949263,-0.0169055489443281
"X557_120517",0.0595352591935976,0.0499134695267854,0.055382196879692,-0.0506696494033908,-0.0287796161985877,-0.0889447008187108,-0.040272404490464,0.0355629262689225,0.0418905892625351,0.112769711189356
"X560_120517",-0.0240850251150916,-0.0277906402499281,0.0575621084004526,0.0247251018657942,0.0416128109849093,0.00173543010028189,0.0555426712526302,0.00704670070326596,-0.0645820827775764,0.0155767457164147
"X56_120417",-0.051322047028576,-0.00967600600370112,0.116357415159656,0.0587717637895202,0.0983999395856387,-0.0734991449805512,0.0393552778089491,-0.0507471494411865,-0.110540708717869,-0.01224158131559
"X565_120517",-0.0450769866265817,0.0224376724534133,-0.0784571330499807,0.043584071140631,0.000226925594890311,0.0137974464359102,-0.0283669175483972,-0.100436978182486,0.057714296138641,-0.0429006868948254
"X568_120521",-0.0295645321564457,-0.10180924102627,0.0244671453310544,0.0519698634257292,0.00670979247706875,0.0646480682441914,0.122738050713277,0.090772433379415,-0.0465122373903267,0.0622016507754512
"X571_120521",-0.032375410073915,0.0367410500873047,-0.0620755370928462,0.0323311646658222,-0.0984750496012858,0.0410394615075872,-0.015464254017877,-0.0787514023240579,0.0838635136446032,-0.0745911921311478
"X575_120521",-0.0118533640126549,0.09553065247341,-0.0181297689153766,0.00789665221590082,-0.0787039428044012,-0.0140760877805175,-0.0897664239047254,-0.0541680307315941,0.0868067600710618,-0.0463615853643483
"X578_120521",0.0766851831234719,0.0368005493633479,0.0997932483605733,-0.0734765179030582,0.0576865874299,-0.0908387349775989,-0.0459742367841675,0.0309123229250708,-0.0358684942455004,0.0829654594322827
"X58_120417",0.0557772372686877,0.118890262176729,-0.0609579792163044,-0.0437930557270162,-0.134657662242665,-0.0240832971777333,-0.147605567544458,-0.0682897061333387,0.159129332469874,-0.0241206757001138
"X582_120521",-0.0208468782299724,-0.110783767678932,0.00249535464978407,0.039055571110061,0.0156550023137823,0.0504528536631886,0.115735617508966,0.0573353762092434,-0.0265561528589491,0.0983783665578586
"X591_120522",0.00722270213014028,0.0448336342216866,-0.0409659135687129,-0.0197588395009093,-0.0285150969841398,0.0029628804312119,-0.0449741753123658,-0.0481468325331961,0.0458461643219511,-0.0313320454122512
"X594_120522",0.0788037229556078,-0.0796020063364489,-0.033161334185683,-0.0718984528620595,0.0811959686116187,0.0523252697605814,0.0276563238965947,0.0581376090386717,-0.0320873410000612,-0.0129146731467034
"X602_120523",-0.0453382169704871,0.0214025596635717,-0.0316838031561711,0.032567011253863,-0.0349009866414907,0.00897070615818106,-0.0153859579355685,-0.0429867896197326,0.0353877430059242,-0.0151697993189184
"X604_120523",0.0711483025070201,0.0695761269176321,-0.0216907070425358,-0.0473547489963576,-0.0345866101958767,-0.0266936613666619,-0.0979583261132137,0.00825137981275769,0.0616814256952635,0.00378942275683134
"X606_120523",-0.0638170090090999,0.0036964365631738,0.00752238562627403,0.0635526532358289,-0.0146626177877761,0.0489978428310868,0.015205609395188,-0.0562007602810853,0.0333729742755993,0.0433046822907232
"X607_120523",-0.0751506872992704,-0.0150432139621376,0.0193596936922545,0.0567803249108539,0.0529014825106218,-0.0209899238238186,0.027596344498481,-0.069267852147704,-0.0353066103916047,0.0792727968655854
"X613_120523",0.0651710604704619,-0.0472164084029993,-0.0414515158579224,-0.0591005372446571,-0.00219181744195161,0.0272932231690888,0.0407070241215855,0.0919760299211412,-0.0108126859032301,0.0609829508328485
"X616_120524",-0.037836186296652,0.0184557585081055,-0.019195026753129,0.0537265793723628,-0.0583342484989986,0.0125707973485368,0.00926861518500292,-0.0641021713521345,0.0327240101861346,0.00189379292913891
"X617_120524",-0.032052336915309,-0.0575557451997041,-0.0269700901773647,0.0246126902310852,-0.0129587283704269,0.0790634634026751,0.0554242311364608,0.0580695726270239,0.0051372550980529,0.00921845878010392
"X619_120524",0.0219506066864487,-0.0635647970619874,-0.0665441700036103,-0.0095127734954538,-0.0397603839740143,0.0883622176182636,0.0477448160136515,0.107161485655436,0.0202967339194084,-0.0172014360672319
"X624_120524",-0.147639583052213,-0.0480803175030114,-0.0146599697262645,0.188715919276854,-0.0818462983775652,0.0656075620127551,0.06778946409207,-0.103356213796057,0.0621599654759836,0.00612874879622609
"X628_120524",-0.124783147280023,0.0581153414795199,0.123828583560658,0.103755187941369,0.0546439949360755,-0.102488777171077,0.00475128496894039,-0.146092930820554,-0.0709393904486405,-0.0416225723338712
"X630_120524",0.0543446615626188,-0.0745178518926515,-0.0256532327347681,-0.0713619845189399,0.0387756865084592,0.0272908874383003,0.0507259024676053,0.121221847045365,-0.0601686232980293,0.0608781334776983
"X632_120524",0.0418830240085007,-0.0412655410994919,-0.0370765871350616,-0.0391814933944924,0.0120808256523658,0.0350911608275906,0.0399672264694543,0.0852790857425559,-0.0355278019024916,0.000144985928236171
"X635_120524",-0.129075859062912,-0.175910962004711,-0.0548537180727668,0.154011228850545,0.0576926462032172,0.120760569949973,0.15027553051244,0.0249474251562313,-0.0119853112395225,0.0545478453540465
"X637_120524",0.0999331310999888,0.0636255385623976,-0.0533879899735681,-0.0717630558650966,-0.0632589437351286,0.00244099992693652,-0.107959637867283,0.0790058388582483,0.0776230336355867,-0.0911901595807758
"X644_120524",0.0680548922539995,0.0336521703908268,-0.0119721250124705,-0.0742123859169255,0.0478736160739025,-0.00468331460260916,-0.047883752747998,0.0279532901184764,-0.0107664491182931,-0.00978394484006311
"X646_120524",-0.018440090382189,0.0378052086842145,-0.0685533562264014,0.00722179538278929,-0.17136003782576,0.0594618087784348,0.0102173003360578,-0.0576873186861346,0.0877511317486742,-0.106728309674401
"X649_120529",0.02286105403632,-0.0501372021184725,-0.139922095228169,-0.0307543013672438,-0.107101881432721,0.103745114043721,0.021557137314321,0.0399857362486249,0.0924684079790324,0.0184872434726203
"X654_120529",0.0408888164254272,-0.0704510401696425,-0.112454927770899,-0.0228025683250308,-0.0616230740174123,0.130114447228229,0.031379839848101,0.0692693200094837,0.0560549737539324,-0.0795976417780173
"X656_120529",-0.0218294480881001,-0.0827980893922693,-0.0305055714718506,0.0244682624718892,0.0321334204769374,0.051630402361084,0.0699818188769979,-0.0262097358546717,0.0184420863739001,0.00366189354856697
"X657_120529",-0.0118118195474244,0.14711776135612,-0.0249578974791221,0.029296654555446,-0.13603067847518,-0.0823040632945788,-0.168402423531692,-0.106940246205699,0.189447824436795,-0.0274951919711991
"X663_120530",-0.0236832786674337,-0.0124684439386968,0.0542667735786156,0.0116022855672966,0.0586144794415207,0.00364525869931701,0.0372515529879777,-0.00140937754233542,-0.0651001428766956,0.0630485164483763
"X676_120604",-0.122446468207973,-0.0398680245649468,-0.0683872552827122,0.117838834851563,-0.0747602580322828,0.078280930146387,0.0437701873947825,-0.0886083507961089,0.0727305423622986,-0.0086543556141944
"X685_120604",-0.0468091624426016,-0.0143301955347626,-0.0736830104765034,0.0434632318345112,-0.0636725486705164,0.0710078943874317,0.00399114123282273,-0.0048842306244356,0.0550617144659688,-0.0557530283923254
"X687_120604",0.0335480045264052,-0.0706355606367644,-0.0969388179129176,0.0145447861106747,-0.0752906109287432,0.140284529429896,0.0299581382758327,0.0889648010825553,0.0942981200935456,-0.0323076705631482
"X689_120604",0.0409796376148636,0.00996536976786285,-0.101031465771194,-0.0212401166432258,-0.113642062653572,0.0844812723456105,-0.0412080843735759,0.0721812154528733,0.0975739812473796,-0.0933481795505056
"X69_120417",-0.0118777189220527,-0.024590151334546,0.111305503582162,-0.00639354581990481,0.128522645475557,-0.0851148013179689,0.0627766688640926,0.000779048528742772,-0.147512333762821,0.0352544340640832
"X695_120605",-0.0323386985009901,0.044196328731806,-0.0634484138167411,0.0306849608749614,-0.0846194217166753,0.0354325056324707,-0.0398132604661723,-0.0335782924720695,0.0847106951586079,-0.0371539204549754
"X70_120417",0.0474152557814028,0.0392569023628446,0.0682821389154482,-0.0741729362904581,0.136129111807657,-0.102713767332862,-0.0429740696138738,-0.0373434761144734,-0.116766423920736,-0.142034108649732
"X703_120605",-0.107064483588438,0.00392272718371241,0.0118247040815485,0.100257329457556,-0.0139221148116581,0.00748323990438593,0.0183436673021303,-0.0702029891942438,-0.00419369912981413,-0.00580883209660807
"X704_120605",0.0493135332951952,-0.0752703667808065,-0.0473196799076905,-0.0468542812941458,0.0114757298033671,0.101814869552425,0.038251436357296,0.129979253379684,-0.0152261817623391,0.000680672524986181
"X705_120605",-0.0339832486702092,-0.019407948181436,0.0173013855880682,0.0331372351926601,0.0253735251155132,0.0245838630515666,0.0246472519494002,-0.0157854347604865,0.00302128192732417,0.00845370389693696
"X706_120605",0.041993412504529,-0.157518711274999,-0.082975367875733,-0.023408422041734,0.0368672565250601,0.139321627658131,0.0975216633834959,0.140782393694307,-0.0137972949233008,-0.0111141612806681
"X707_120531",-0.0667391998775154,-0.0413571857134872,-0.0161045449633169,0.0923166313215555,-0.0294118168656176,0.0705542937751926,0.0363133972694259,-0.0333589814853012,0.00875672372841285,-0.0745948735388061
"X708_120531",0.0718294020682954,0.0868147642614224,-0.0519336872247234,-0.0393667196667903,-0.0948522244660182,-0.00523846954166643,-0.127571737988635,-0.0158259014713738,0.110737027586842,-0.111103581730278
"X709_120531",-0.0560544459915019,-0.011825014542531,-0.000866196428768128,0.0543845332713278,-0.0405442526588227,0.0130052584820815,0.0427100857485407,0.00489803979919027,0.0117115225687484,-0.00633465498364539
"X711_120531",-0.0188825782366863,-0.0278140998759076,-0.0988593645126603,0.00499529602806718,-0.0551149799180721,0.0958961589546004,-0.00034455523440257,-0.00905470292578117,0.0645309146575318,-0.0209345418062945
"X714_120531",-0.0211866915430448,-0.14579457798644,-0.141566346057009,0.074137113983759,-0.0882775054145231,0.155640293605391,0.0848993227449282,0.0495282985152313,0.117690535304265,-0.0174235221283972
"X715_120531",-0.0123367855878784,-0.0398702411416817,-0.0176633988093868,0.0147141928591877,0.0321424420922538,0.0481226101770352,0.0283828581951518,0.0454778033247702,-0.0127010591162026,0.0730643674312429
"X720_120531",0.0355734426879966,-0.0686100190826069,-0.0984041041925185,-0.00791437522333128,-0.0243842293159613,0.102912241931721,0.0171474432682892,0.115758507999658,0.0297235015366967,-0.117783268561955
"X721_120531",-0.0258187394548894,-0.141199235840448,-0.0732177914061846,0.0509133946981562,-0.0305028840143799,0.118742514994261,0.111220951215047,0.0984700555593593,0.0262930363972845,0.00299901860215458
"X724_120605",-0.0408952126441349,-0.222878666247772,-0.0641209576854577,0.0263460690826522,0.131705973896194,0.125135789188579,0.184581545829829,0.105633800137108,-0.0666118872862586,0.172780541386441
"X73_120417",0.129191563849446,0.0844164646330742,0.148765312066621,-0.161196957445,0.170055483420589,-0.170488434265002,-0.0728624003232332,0.0169660275517279,-0.162145206062505,-0.0180294008196014
"X76_120417",-0.113937308553226,0.0102590336930101,0.0174263028568232,0.116338506509364,-0.0701330548864695,-0.00161241423193099,0.0329808868940736,-0.0930818392271408,0.0324699388720604,-0.0744490109440492
"X77_120417",0.0110314468332744,-0.0290988499066667,0.0900793690451996,-0.0661016824640769,0.137836096769783,-0.0795524742412158,0.0734259349621847,0.0519702298579108,-0.128348243515152,0.134982980409231
"X78_120417",0.0962619021248206,-0.0614961911300629,-0.0164644319776468,-0.105582456533671,0.108807772742974,0.0232294791682929,0.0476505890771078,0.0639259303948366,-0.0668450354825837,0.0602966838120206
"X81_120417",0.0567358879281102,-0.0115226696051602,0.112836666126587,-0.058560341930156,0.100646643038945,-0.0740003784735604,0.047091586900612,0.0592061850559815,-0.121316010239264,0.0539192375381725
"X89_120417",0.05162210026227,0.0980165291099108,0.0766916060865662,-0.0513605465831905,0.0396994114333762,-0.127234892943705,-0.0956386874525312,-0.0438868351512675,-0.00959004951543609,0.0859723331226151
"X90_120417",-0.0216188402202007,0.0370167005052469,0.022190758401521,0.0192847633170622,0.0108707999736953,-0.055017318639239,-0.0337388143485813,-0.0368135608867513,0.014042039208434,0.0437938840125738
"X94_120417",-0.0238050325343857,-0.00382242250181807,0.162672315704032,0.0252932086626229,0.14835040427886,-0.108701498571581,0.0294758254785916,-0.0164899608465621,-0.15535290752955,0.0767587961403465
"X97_120417",0.00407982266793177,0.0159761261089496,0.12019936905669,-0.0130648432934681,0.145013068116927,-0.0846798876670046,-0.00863752318255181,0.00287933583063685,-0.12427658382407,-0.0350328672593498
"X943_131101",-0.0247991026433448,-0.00111396327933049,0.0180696951537575,-0.00370683612919797,-0.0141776963425449,-0.0489577857423104,0.0167736339970055,-0.0138931521572676,-0.0151120251798214,0.0286855698355659
"X847_130830",0.0344550045042275,0.0883496524824116,0.135030591619207,-0.0661727975261607,-0.0649355092683769,-0.100923509568735,-0.0226601496212744,0.0334616810767631,-0.027118793182564,0.0883487821806099
"X958_131107",0.0953495077317689,-0.0160120689702306,0.0253532861151832,-0.0780971872171887,-0.032000493187452,0.0120443209452512,-0.0150552486263258,0.089517280190315,-0.0297596220509043,-0.0790713587670836
"X922_131031",-0.0250121892554808,0.0521208854554096,-0.060387547841788,0.0162115049408641,0.0493930615864206,-0.0325248844191076,-0.0224409127922487,-0.0700456566565632,0.036351869819306,-0.0490121645874974
"X942_131101",-0.070315648107709,-0.0535003383368829,-0.0348109164401678,0.0481957133885739,-0.0231705343922241,0.0688211288957911,0.0508320321751284,-0.000734724620285641,0.00605190542725059,-0.0659304530449292
"X770_130523",-0.0591000761000894,0.131029489628916,0.179606516063275,0.0668080221415997,-0.100555357313896,-0.133534157493314,-0.0905374400579061,-0.177686760808879,0.0152235707450257,0.0973017514802182
"X936_131101",-0.00410732147227658,0.00146427902321293,-0.0130502852299543,-0.00360583130938868,-0.0428570934732045,0.0361135780675443,0.00680744809626641,0.0458708003847853,0.000403679790400177,-0.0454470980857906
"X941_131101",0.0379471078063004,-0.0317341900644392,-0.122309862937336,-0.0391015101048931,0.0128966015760848,0.0783746133709736,0.00345361208999165,0.0283160624984465,0.0432994552765082,-0.0957990721545284
"X935_131101",0.0247067683668546,0.00377926821039664,-0.0581480470712602,-0.0350473466077373,-0.0124900436294139,0.0376878825281475,-0.016953033924685,0.0290872423028478,0.0394034120691198,0.0705064061274212
"X911_131031",0.0326564083419187,-0.0286533410384498,-0.059251117387575,-0.067042503878147,-0.000969432839535383,-0.00252528570856541,0.00557950321284998,0.0765643595831503,0.0154620947039057,0.0119240161173953
"X889_130923",-0.035193445390447,0.0190327453896606,0.0361418357951465,0.0209031546955497,-0.029162177745795,-0.0653445926021544,0.0171514426456351,-0.05628576453515,-0.0123550713415202,0.0280143775840586
"X775_130528",0.0449746433194385,-0.0286029562767081,0.0417163475959971,-0.0422986843574556,0.0839637533446294,-0.0275554107555283,0.00676981233067237,0.131128251034101,-0.0865013299158362,-0.0229049946241179
"X767_130523",0.113835608679281,-0.112086883319265,0.141469547204119,-0.0831496879716201,0.084393704088335,0.0166537613098191,0.111762047555285,0.165109804004964,-0.146927101967161,0.144209291362726
"X776_130528",-0.0771353215624923,0.0295916883948944,0.114105366566742,0.077921123057,0.0149727640602588,-0.076550707226655,-0.00980872864778302,-0.0327357735256432,-0.0371199272151514,0.0353244356605403
"X952_131107",-0.0609296140828426,-0.0289726202704376,0.0160592401171194,0.0538815798025892,-0.0112382932450353,0.00995103693342645,0.0593575040666917,-0.0421123201500282,-0.0190291429958681,0.000253680581407735
"X884_130923",0.0534298962121873,0.0806679784724136,0.0996294516513504,-0.0365742887518293,-0.0256768818078606,-0.0808108260255607,-0.0578669845890836,-0.0146375867456049,-0.0201319573220754,0.0505772091307508
"X956_131107",-0.182457314068793,-0.0500126276894073,-0.0119975431825784,0.25208625825226,-0.0875118715698804,0.0700705837762112,0.072558772753446,-0.125759649632358,0.0756545789686323,0.113592408702272
"X925_131031",-0.0616655820129496,0.039061740061814,0.0114509558299931,0.0815942441276772,-0.0788114132442835,-0.0294098739186813,-0.0416286097780213,-0.0842267564009866,0.0763699217167306,-0.020805056274988
"X807_130701",0.0520793399687828,0.0995275384150859,-0.171956157285791,-0.0772139580989012,-0.037815152146193,-0.0184233789164633,-0.109218868989207,-0.0640353407164795,0.123746409033516,-0.114065772980116
"X861_130911",0.0666458990501418,0.0766535011490025,-0.0913132290618683,-0.0428202736368298,-0.0621181879164167,0.00958785819922593,-0.120467051142322,-0.0517520667434768,0.111306273442752,-0.165562347149465
"X881_130918",0.00918880604310843,0.10672172059403,-0.0354703984705505,0.0220747853945268,-0.0102045859011636,-0.0295347880908178,-0.0993603738639116,-0.0948044150603929,0.0715698783376606,-0.155702833466246
"X871_130911",0.115980185233346,0.132705611133193,-0.0416960815003256,-0.0871088096270998,-0.0273370221894233,-0.0542970700860966,-0.143105678159812,-0.0677258776914366,0.0900741697886616,-0.212730176103199
"X846_130830",-0.0574890628761068,-0.0441291815066979,-0.00674529199796063,0.0338848030855128,0.0644767383492486,0.018134612231384,0.0427789971116492,-0.0743451084561333,-0.0477862300626531,-0.0725536900855615
"X900_131010",0.0720739197152575,0.0242038740644261,-0.111383756835546,-0.0499134381487319,0.0870593013553197,0.00497122949538051,-0.0571893940694893,0.0380645523205939,0.0335203243277613,-0.145442660799571
"X923_131031",0.0514942940822343,-0.0822395104217532,0.033744733857172,-0.0795420064950942,0.0488594546256869,0.025837712729877,0.0382100401308282,0.126369383050342,-0.0856726313329853,0.0972750060753311
"X905_131010",-0.197338168282976,-0.0973593849874113,-0.0533505952516493,0.212956778950517,0.0461768134168786,0.0874588495450594,0.0936020238966509,-0.0821439415730632,-0.00623381102738053,-0.0620747143755368
"X796_130701",0.0132012221913619,0.119445827597794,-0.0131382467991442,-0.00444736261001061,-0.0133109077265269,-0.0783458587598359,-0.0958055894370915,-0.0866437693458401,0.0614516045550812,-0.0598512153632681
"X793_130530",0.073254730642132,0.00844425365889576,0.0825777459559224,-0.0679385160678203,0.00766235400255011,-0.0574407784077362,0.0161537893022923,0.0248962153346032,-0.0811874679224156,-0.00541053975266149
"X781_130528",0.0494529168656778,0.0801882142312343,0.166260408980832,-0.0429821043029813,-0.0588728369671895,-0.109741947899581,-0.04703930136722,0.0487660564674382,-0.0566783401676916,0.0244787578868972
"X929_131031",-0.0802766886770629,-0.134734339335708,0.103617743094613,0.0596564830720872,0.232036983240857,-0.0129454936330047,0.177306470641617,0.00248625970250601,-0.148011574178959,0.249520705800311
